rocArea,threshold,sensitivity,specificity,accuracy,NumberOfFeatures
0.9877076292082125,0.46137509814591265,0.9553990610328639,0.955593509820666,0.9555416405760802,55
