rocArea,threshold,sensitivity,specificity,accuracy,NumberOfFeatures
0.966250087,0.451131035,0.916083916,0.917326733,0.917172593,35
